"Marca temporal","Sexo:","¿En qué rango de edad te encuentras?","¿Actualmente cuentas con un trabajo?","¿Tienes familiares dentro de tu mismo hogar que fuman?","De sus amigos, ¿Cuántos tienen el hábito de fumar?","¿Tiene usted el hábito de fumar?","¿Qué órganos crees que te afecta cuando consumes productos de tabaquismo?(Puede seleccionar varios)","¿Cuánto tiempo llevas fumando?","¿Cree usted que su hábito le ha afectado a una persona directamente de su círculo social?","¿Cuándo fuma, normalmente con quien lo hace?(Puede seleccionar varios)","¿Qué cantidad de cigarrillos consumes diariamente?","¿Cuánto dinero gasta en promedio, de cigarrillos al mes?","¿Qué días de la semana considera que consume más cigarrillo?(Puede seleccionar varios)","¿En qué jornadas tiene más consumo de tabaco?(Puede seleccionar varios)","¿Crees que tu consumo de tabaco aumenta en periodos vacacionales?","¿Has querido dejar el hábito de fumar?","¿Cuánto tiempo lograste estar sin fumar?","¿Qué lo motiva a dejar de fumar?","¿Realizas alguna actividad que te sirva como distracción?","¿Ha utilizado algún medio digital para reducir el consumo de tabaco?","¿Qué tanto tiempo le dedicas diariamente a tu smartphone?","¿Le gustaría tener una herramienta a su disposición que le ayude a reducir el consumo?","¿Dónde sueles ver publicidad sobre consumo de tabaco?","¿Crees que la publicidad mostrada en medios digitales influyen en el consumo del tabaco?"
"2022/04/03 11:40:07 a. m. GMT-5","Masculino","20 a 25 años","Sí","No","3 a 4 amigos","No","","","","","","","","","","","","","","","","","",""
"2022/04/03 12:02:34 p. m. GMT-5","Femenino","20 a 25 años","No","Tal vez","3 a 4 amigos","No","","","","","","","","","","","","","","","","","",""
"2022/04/03 1:52:28 p. m. GMT-5","Masculino","20 a 25 años","Sí","No","Más de 5 amigos","Sí","Pulmones, bronquios y tráquea;Boca, garganta, esófago y laringe","De 1 año a 5 años","Tal vez","Amigos;Conocidos;Solo","1 a 3 cigarrillos","L. 151.00 a L.300.00 lempiras","Lunes;Martes;Miércoles;Jueves;Viernes;Sábado;Domingo","Tarde;Noche","Tal vez","Sí","De 1 mes a 3 meses","Mi bienestar","Sí","No","4 a 6 horas","Sí","Ninguno","Tal vez"
"2022/04/03 2:00:43 p. m. GMT-5","Masculino","26 a 30 años","Sí","No","3 a 4 amigos","No","","","","","","","","","","","","","","","","","",""
"2022/04/03 2:26:47 p. m. GMT-5","Masculino","31 a 35 años","Sí","No","Más de 5 amigos","Sí","Pulmones, bronquios y tráquea","Más de 5 años","No","Amigos","4 a 6 cigarrillos","L. 51.00 a L.150.00 lempiras","Viernes;Sábado","Noche","Sí","Sí","De 1 mes a 3 meses","Familia","Sí","No","4 a 6 horas","Sí","Anuncios publicitarios en tv","No"
"2022/04/03 2:32:33 p. m. GMT-5","Masculino","26 a 30 años","Sí","No","Más de 5 amigos","Sí","Boca, garganta, esófago y laringe","Más de 5 años","No","Amigos","1 a 3 cigarrillos","L. 1.00 a L.50.00 lempiras","Sábado","Noche","Sí","Sí","Menos de 30 días","Mi bienestar","Sí","No","4 a 6 horas","Sí","Redes sociales","Sí"
"2022/04/03 2:34:09 p. m. GMT-5","Masculino","más de 36 años","Sí","Sí","Más de 5 amigos","Sí","Pulmones, bronquios y tráquea","Más de 5 años","No","Amigos","Más de 10 cigarrillos","L. 51.00 a L.150.00 lempiras","Viernes;Sábado","Noche","Sí","Sí","De 3 meses a 6 meses","Familia","Sí","No","6 horas o más","Sí","Anuncios publicitarios en tv","No"
"2022/04/03 2:52:22 p. m. GMT-5","Masculino","20 a 25 años","No","No","Más de 5 amigos","No","","","","","","","","","","","","","","","","","",""
"2022/04/03 2:52:40 p. m. GMT-5","Masculino","20 a 25 años","No","No","3 a 4 amigos","No","","","","","","","","","","","","","","","","","",""
"2022/04/03 2:57:19 p. m. GMT-5","Masculino","20 a 25 años","No","No","Más de 5 amigos","No","","","","","","","","","","","","","","","","","",""
"2022/04/03 3:01:14 p. m. GMT-5","Masculino","20 a 25 años","Sí","Sí","Más de 5 amigos","Sí","Pulmones, bronquios y tráquea;Boca, garganta, esófago y laringe","De 1 mes a 3 meses","Sí","Solo","1 a 3 cigarrillos","L. 1.00 a L.50.00 lempiras","Sábado","Noche","Sí","Sí","De 1 mes a 3 meses","Mi bienestar","Sí","No","4 a 6 horas","Sí","Redes sociales","Sí"
"2022/04/03 3:02:31 p. m. GMT-5","Masculino","20 a 25 años","No","Sí","1 a 2 amigos","No","","","","","","","","","","","","","","","","","",""
"2022/04/03 3:04:05 p. m. GMT-5","Masculino","20 a 25 años","No","Sí","3 a 4 amigos","Sí","Pulmones, bronquios y tráquea","De 6 meses a 12 meses","No","Conocidos","1 a 3 cigarrillos","L. 1.00 a L.50.00 lempiras","Sábado","Tarde","No","Sí","De 1 mes a 3 meses","Mi bienestar","Tal vez","No","0 a 3 horas","Sí","Anuncios publicitarios en tv","Sí"
"2022/04/03 3:06:59 p. m. GMT-5","Masculino","20 a 25 años","Sí","Sí","1 a 2 amigos","No","","","","","","","","","","","","","","","","","",""
"2022/04/03 3:09:43 p. m. GMT-5","Masculino","31 a 35 años","No","No","1 a 2 amigos","No","","","","","","","","","","","","","","","","","",""
"2022/04/03 3:17:35 p. m. GMT-5","Femenino","20 a 25 años","Sí","Sí","Más de 5 amigos","Sí","Pulmones, bronquios y tráquea;Boca, garganta, esófago y laringe","De 1 año a 5 años","Sí","Amigos;Familiares;Conocidos;Desconocidos;Solo","1 a 3 cigarrillos","Más de 301.00 lempiras","Jueves;Viernes;Sábado;Domingo","Noche","Sí","Tal vez","Menos de 30 días","Familia","Sí","Sí","4 a 6 horas","Sí","Redes sociales","Sí"
"2022/04/03 5:13:33 p. m. GMT-5","Femenino","20 a 25 años","No","Sí","1 a 2 amigos","No","","","","","","","","","","","","","","","","","",""
"2022/04/03 5:32:47 p. m. GMT-5","Masculino","26 a 30 años","Sí","No","Más de 5 amigos","Sí","Boca, garganta, esófago y laringe;Pulmones, bronquios y tráquea","De 1 año a 5 años","No","Amigos","1 a 3 cigarrillos","L. 1.00 a L.50.00 lempiras","Sábado","Noche","No","Sí","De 3 meses a 6 meses","Mi bienestar","Sí","No","0 a 3 horas","Sí","Redes sociales","No"
"2022/04/03 5:32:56 p. m. GMT-5","Femenino","20 a 25 años","Sí","Sí","Más de 5 amigos","No","","","","","","","","","","","","","","","","","",""
"2022/04/03 5:37:20 p. m. GMT-5","Femenino","20 a 25 años","Sí","No","0","No","","","","","","","","","","","","","","","","","",""
"2022/04/03 5:45:07 p. m. GMT-5","Femenino","20 a 25 años","Sí","No","1 a 2 amigos","No","","","","","","","","","","","","","","","","","",""
"2022/04/03 5:55:21 p. m. GMT-5","Masculino","26 a 30 años","Sí","No","1 a 2 amigos","No","","","","","","","","","","","","","","","","","",""
"2022/04/03 6:03:17 p. m. GMT-5","Masculino","20 a 25 años","Sí","No","3 a 4 amigos","No","","","","","","","","","","","","","","","","","",""
"2022/04/03 6:06:10 p. m. GMT-5","Femenino","más de 36 años","No","No","Más de 5 amigos","Sí","Pulmones, bronquios y tráquea","Más de 5 años","Sí","Amigos;Solo","7 a 9 cigarrillos","Más de 301.00 lempiras","Sábado;Domingo","Noche","No","Sí","De 3 meses a 6 meses","No me motiva","No","No","6 horas o más","Sí","Ninguno","No"
"2022/04/03 6:11:18 p. m. GMT-5","Femenino","20 a 25 años","Sí","No","1 a 2 amigos","No","","","","","","","","","","","","","","","","","",""
"2022/04/03 6:24:52 p. m. GMT-5","Femenino","20 a 25 años","No","Sí","1 a 2 amigos","No","","","","","","","","","","","","","","","","","",""
"2022/04/03 6:32:01 p. m. GMT-5","Femenino","20 a 25 años","No","Sí","1 a 2 amigos","No","","","","","","","","","","","","","","","","","",""
"2022/04/03 6:32:52 p. m. GMT-5","Femenino","20 a 25 años","Sí","Sí","1 a 2 amigos","Sí","Hígado, estomago y páncreas;Boca, garganta, esófago y laringe;Pulmones, bronquios y tráquea","Más de 5 años","No","Amigos;Con majo","Más de 10 cigarrillos","Más de 301.00 lempiras","Lunes;Martes;Miércoles;Jueves;Viernes;Sábado;Domingo","Mañana;Tarde;Noche","No","Tal vez","Menos de 30 días","Familia","No","No","No lo se","Sí","Ninguno","No"
"2022/04/03 6:43:18 p. m. GMT-5","Femenino","más de 36 años","Sí","Sí","0","No","","","","","","","","","","","","","","","","","",""
"2022/04/03 6:53:33 p. m. GMT-5","Masculino","20 a 25 años","No","No","0","No","","","","","","","","","","","","","","","","","",""
"2022/04/03 7:31:43 p. m. GMT-5","Femenino","más de 36 años","Sí","Sí","0","Sí","Pulmones, bronquios y tráquea;Boca, garganta, esófago y laringe","Más de 5 años","No","Familiares;Solo","Más de 10 cigarrillos","Más de 301.00 lempiras","Sábado;Domingo","Noche","Sí","Sí","Más de 1 año","Mi bienestar","No","No","6 horas o más","Sí","Anuncios publicitarios en tv","No"
"2022/04/03 9:46:58 p. m. GMT-5","Masculino","20 a 25 años","Sí","Sí","Más de 5 amigos","Sí","Pulmones, bronquios y tráquea","Más de 5 años","Sí","Amigos","Más de 10 cigarrillos","L. 1.00 a L.50.00 lempiras","Viernes;Sábado","Noche","No","Sí","De 1 mes a 3 meses","Mi bienestar","Sí","No","6 horas o más","Sí","Redes sociales","Sí"
"2022/04/03 9:48:28 p. m. GMT-5","Masculino","20 a 25 años","Sí","Sí","Más de 5 amigos","Sí","Pulmones, bronquios y tráquea;Boca, garganta, esófago y laringe","De 1 año a 5 años","No","Amigos","7 a 9 cigarrillos","L. 1.00 a L.50.00 lempiras","Sábado","Noche","Sí","No","","","","","4 a 6 horas","Sí","Redes sociales","No"
"2022/04/03 9:51:14 p. m. GMT-5","Masculino","20 a 25 años","Sí","No","Más de 5 amigos","Sí","Boca, garganta, esófago y laringe","Más de 5 años","Tal vez","Solo","7 a 9 cigarrillos","Más de 301.00 lempiras","Viernes;Sábado","Noche","Sí","Tal vez","Menos de 30 días","Mi bienestar","Sí","No","4 a 6 horas","Sí","Redes sociales","Sí"
"2022/04/03 9:52:15 p. m. GMT-5","Masculino","20 a 25 años","Sí","Sí","Más de 5 amigos","Sí","Pulmones, bronquios y tráquea;Boca, garganta, esófago y laringe","Más de 5 años","No","Amigos;Familiares;Conocidos;Desconocidos;Solo","1 a 3 cigarrillos","L. 51.00 a L.150.00 lempiras","Viernes;Sábado","Tarde;Noche","Tal vez","No","","","","","6 horas o más","Tal vez","Ninguno","No"
"2022/04/03 9:56:28 p. m. GMT-5","Masculino","20 a 25 años","Sí","Sí","Más de 5 amigos","Sí","Boca, garganta, esófago y laringe;Pulmones, bronquios y tráquea","De 1 año a 5 años","Tal vez","Amigos","4 a 6 cigarrillos","L. 51.00 a L.150.00 lempiras","Miércoles;Jueves;Viernes;Sábado;Domingo","Tarde;Noche","Sí","Sí","De 3 meses a 6 meses","No me motiva","Sí","Sí","6 horas o más","Tal vez","Redes sociales","Tal vez"
"2022/04/03 10:01:11 p. m. GMT-5","Masculino","20 a 25 años","Sí","No","Más de 5 amigos","Sí","Pulmones, bronquios y tráquea","Más de 5 años","Sí","Amigos","4 a 6 cigarrillos","Más de 301.00 lempiras","Sábado;Domingo","Noche","Sí","Sí","Menos de 30 días","Mi bienestar","No","No","4 a 6 horas","Sí","Redes sociales","Sí"
"2022/04/03 10:03:22 p. m. GMT-5","Masculino","20 a 25 años","No","No","Más de 5 amigos","Sí","Pulmones, bronquios y tráquea;Hígado, estomago y páncreas;Riñones, vejiga urinaria, colon y recto;Boca, garganta, esófago y laringe","Más de 5 años","No","Amigos","1 a 3 cigarrillos","Más de 301.00 lempiras","Viernes;Sábado;Domingo","Noche","Sí","Sí","Menos de 30 días","Nada","No","No","6 horas o más","No","Ninguno","No"
"2022/04/03 10:16:28 p. m. GMT-5","Masculino","20 a 25 años","Sí","No","3 a 4 amigos","Sí","Boca, garganta, esófago y laringe;Pulmones, bronquios y tráquea","De 1 mes a 3 meses","No","Amigos","1 a 3 cigarrillos","L. 51.00 a L.150.00 lempiras","Lunes","Noche","No","Sí","De 3 meses a 6 meses","Mi bienestar","No","No","4 a 6 horas","Sí","Ninguno","No"
"2022/04/03 11:17:10 p. m. GMT-5","Masculino","20 a 25 años","No","No","1 a 2 amigos","No","","","","","","","","","","","","","","","","","",""
"2022/04/04 7:38:17 a. m. GMT-5","Masculino","20 a 25 años","Sí","Tal vez","Más de 5 amigos","Sí","Pulmones, bronquios y tráquea;Hígado, estomago y páncreas;Riñones, vejiga urinaria, colon y recto;Boca, garganta, esófago y laringe","De 1 año a 5 años","No","Amigos;Conocidos;Desconocidos;Solo","1 a 3 cigarrillos","L. 1.00 a L.50.00 lempiras","Jueves;Viernes;Sábado;Domingo","Tarde;Noche","Tal vez","No","","","","","4 a 6 horas","No","Ninguno","No"
"2022/04/04 2:47:13 p. m. GMT-5","Masculino","26 a 30 años","No","No","1 a 2 amigos","No","","","","","","","","","","","","","","","","","",""
"2022/04/04 2:47:27 p. m. GMT-5","Masculino","20 a 25 años","No","No","0","No","","","","","","","","","","","","","","","","","",""
"2022/04/04 2:48:19 p. m. GMT-5","Femenino","20 a 25 años","No","Sí","1 a 2 amigos","No","","","","","","","","","","","","","","","","","",""
"2022/04/04 2:50:40 p. m. GMT-5","Masculino","26 a 30 años","Sí","No","0","No","","","","","","","","","","","","","","","","","",""
"2022/04/04 2:50:55 p. m. GMT-5","Masculino","20 a 25 años","No","No","1 a 2 amigos","No","","","","","","","","","","","","","","","","","",""
"2022/04/04 2:51:16 p. m. GMT-5","Masculino","20 a 25 años","No","No","1 a 2 amigos","No","","","","","","","","","","","","","","","","","",""
"2022/04/04 2:58:00 p. m. GMT-5","Masculino","26 a 30 años","Sí","No","Más de 5 amigos","No","","","","","","","","","","","","","","","","","",""
"2022/04/04 2:59:55 p. m. GMT-5","Femenino","20 a 25 años","Sí","No","0","No","","","","","","","","","","","","","","","","","",""
"2022/04/04 3:00:04 p. m. GMT-5","Masculino","20 a 25 años","No","No","1 a 2 amigos","No","","","","","","","","","","","","","","","","","",""
"2022/04/04 3:00:18 p. m. GMT-5","Femenino","20 a 25 años","No","No","0","No","","","","","","","","","","","","","","","","","",""
"2022/04/04 3:00:31 p. m. GMT-5","Femenino","20 a 25 años","No","No","0","No","","","","","","","","","","","","","","","","","",""
"2022/04/04 3:00:42 p. m. GMT-5","Femenino","20 a 25 años","No","No","Más de 5 amigos","No","","","","","","","","","","","","","","","","","",""
"2022/04/04 3:00:53 p. m. GMT-5","Femenino","20 a 25 años","No","Tal vez","1 a 2 amigos","No","","","","","","","","","","","","","","","","","",""
"2022/04/04 3:01:52 p. m. GMT-5","Femenino","20 a 25 años","No","No","1 a 2 amigos","No","","","","","","","","","","","","","","","","","",""
"2022/04/04 3:02:08 p. m. GMT-5","Masculino","20 a 25 años","No","No","1 a 2 amigos","No","","","","","","","","","","","","","","","","","",""
"2022/04/04 3:02:23 p. m. GMT-5","Femenino","20 a 25 años","No","Sí","3 a 4 amigos","No","","","","","","","","","","","","","","","","","",""
"2022/04/04 3:02:31 p. m. GMT-5","Femenino","20 a 25 años","No","No","1 a 2 amigos","No","","","","","","","","","","","","","","","","","",""
"2022/04/04 3:03:49 p. m. GMT-5","Femenino","20 a 25 años","No","Sí","3 a 4 amigos","No","","","","","","","","","","","","","","","","","",""
"2022/04/04 3:05:05 p. m. GMT-5","Masculino","20 a 25 años","No","No","1 a 2 amigos","No","","","","","","","","","","","","","","","","","",""
"2022/04/04 3:06:49 p. m. GMT-5","Femenino","20 a 25 años","No","Sí","0","No","","","","","","","","","","","","","","","","","",""
"2022/04/04 3:07:11 p. m. GMT-5","Masculino","20 a 25 años","No","No","Más de 5 amigos","Sí","Pulmones, bronquios y tráquea;Boca, garganta, esófago y laringe","De 1 año a 5 años","No","Amigos;Familiares;Conocidos","1 a 3 cigarrillos","L. 1.00 a L.50.00 lempiras","Viernes;Sábado","Noche","No","Sí","Más de 1 año","Familia","Sí","No","4 a 6 horas","Sí","Ninguno","Sí"
"2022/04/04 3:08:21 p. m. GMT-5","Masculino","20 a 25 años","Sí","Sí","Más de 5 amigos","Sí","Riñones, vejiga urinaria, colon y recto;Boca, garganta, esófago y laringe;Hígado, estomago y páncreas;Pulmones, bronquios y tráquea","De 1 año a 5 años","Sí","Solo","1 a 3 cigarrillos","L. 51.00 a L.150.00 lempiras","Lunes;Martes;Miércoles;Jueves;Viernes;Sábado;Domingo","Mañana;Tarde","Sí","Sí","Menos de 30 días","Mi bienestar","No","No","0 a 3 horas","Sí","Plataformas de streaming","Sí"
"2022/04/04 3:08:30 p. m. GMT-5","Femenino","20 a 25 años","Sí","Sí","Más de 5 amigos","No","","","","","","","","","","","","","","","","","",""
"2022/04/04 3:09:37 p. m. GMT-5","Femenino","más de 36 años","No","Sí","1 a 2 amigos","No","","","","","","","","","","","","","","","","","",""
"2022/04/04 3:10:45 p. m. GMT-5","Femenino","26 a 30 años","No","No","1 a 2 amigos","No","","","","","","","","","","","","","","","","","",""
"2022/04/04 3:11:50 p. m. GMT-5","Masculino","20 a 25 años","No","Sí","Más de 5 amigos","No","","","","","","","","","","","","","","","","","",""
"2022/04/04 3:12:27 p. m. GMT-5","Masculino","31 a 35 años","Sí","Sí","3 a 4 amigos","Sí","Pulmones, bronquios y tráquea;Boca, garganta, esófago y laringe","De 1 año a 5 años","No","Solo","1 a 3 cigarrillos","L. 1.00 a L.50.00 lempiras","Sábado","Noche","No","No","","","","","0 a 3 horas","Sí","Anuncios publicitarios en tv","No"
"2022/04/04 3:14:22 p. m. GMT-5","Femenino","20 a 25 años","No","No","0","No","","","","","","","","","","","","","","","","","",""
"2022/04/04 3:14:52 p. m. GMT-5","Masculino","20 a 25 años","No","No","1 a 2 amigos","No","","","","","","","","","","","","","","","","","",""
"2022/04/04 3:15:59 p. m. GMT-5","Femenino","20 a 25 años","No","Tal vez","0","No","","","","","","","","","","","","","","","","","",""
"2022/04/04 3:17:39 p. m. GMT-5","Femenino","más de 36 años","No","Sí","0","No","","","","","","","","","","","","","","","","","",""
"2022/04/04 3:18:05 p. m. GMT-5","Masculino","20 a 25 años","No","No","1 a 2 amigos","No","","","","","","","","","","","","","","","","","",""
"2022/04/04 3:18:18 p. m. GMT-5","Femenino","20 a 25 años","No","No","1 a 2 amigos","No","","","","","","","","","","","","","","","","","",""
"2022/04/04 3:19:20 p. m. GMT-5","Masculino","26 a 30 años","No","Tal vez","3 a 4 amigos","No","","","","","","","","","","","","","","","","","",""
"2022/04/04 3:19:24 p. m. GMT-5","Femenino","20 a 25 años","No","No","0","No","","","","","","","","","","","","","","","","","",""
"2022/04/04 3:21:23 p. m. GMT-5","Masculino","más de 36 años","Sí","No","1 a 2 amigos","No","","","","","","","","","","","","","","","","","",""
"2022/04/04 3:21:48 p. m. GMT-5","Masculino","20 a 25 años","No","No","1 a 2 amigos","No","","","","","","","","","","","","","","","","","",""
"2022/04/04 3:24:38 p. m. GMT-5","Femenino","más de 36 años","No","No","1 a 2 amigos","No","","","","","","","","","","","","","","","","","",""
"2022/04/04 3:25:32 p. m. GMT-5","Masculino","26 a 30 años","Sí","Sí","Más de 5 amigos","No","","","","","","","","","","","","","","","","","",""
"2022/04/04 3:26:08 p. m. GMT-5","Femenino","20 a 25 años","No","No","1 a 2 amigos","No","","","","","","","","","","","","","","","","","",""
"2022/04/04 3:26:13 p. m. GMT-5","Femenino","más de 36 años","Sí","Sí","3 a 4 amigos","No","","","","","","","","","","","","","","","","","",""
"2022/04/04 3:29:01 p. m. GMT-5","Femenino","20 a 25 años","Sí","No","0","No","","","","","","","","","","","","","","","","","",""
"2022/04/04 3:30:04 p. m. GMT-5","Masculino","más de 36 años","No","No","1 a 2 amigos","No","","","","","","","","","","","","","","","","","",""
"2022/04/04 3:30:27 p. m. GMT-5","Masculino","26 a 30 años","Sí","Sí","1 a 2 amigos","No","","","","","","","","","","","","","","","","","",""
"2022/04/04 3:30:31 p. m. GMT-5","Femenino","20 a 25 años","Sí","No","0","No","","","","","","","","","","","","","","","","","",""
"2022/04/04 3:31:01 p. m. GMT-5","Femenino","20 a 25 años","Sí","No","0","No","","","","","","","","","","","","","","","","","",""
"2022/04/04 3:31:12 p. m. GMT-5","Femenino","20 a 25 años","No","No","Más de 5 amigos","No","","","","","","","","","","","","","","","","","",""
"2022/04/04 3:31:15 p. m. GMT-5","Femenino","20 a 25 años","Sí","No","0","No","","","","","","","","","","","","","","","","","",""
"2022/04/04 3:31:29 p. m. GMT-5","Femenino","20 a 25 años","Sí","Sí","1 a 2 amigos","No","","","","","","","","","","","","","","","","","",""
"2022/04/04 3:31:39 p. m. GMT-5","Masculino","más de 36 años","Sí","No","Más de 5 amigos","No","","","","","","","","","","","","","","","","","",""
"2022/04/04 3:32:07 p. m. GMT-5","Masculino","20 a 25 años","Sí","No","1 a 2 amigos","No","","","","","","","","","","","","","","","","","",""
"2022/04/04 3:32:14 p. m. GMT-5","Femenino","20 a 25 años","No","No","0","No","","","","","","","","","","","","","","","","","",""
"2022/04/04 3:32:20 p. m. GMT-5","Femenino","20 a 25 años","No","No","0","No","","","","","","","","","","","","","","","","","",""
"2022/04/04 3:32:26 p. m. GMT-5","Femenino","20 a 25 años","No","No","1 a 2 amigos","No","","","","","","","","","","","","","","","","","",""
"2022/04/04 3:32:28 p. m. GMT-5","Femenino","20 a 25 años","Sí","No","3 a 4 amigos","No","","","","","","","","","","","","","","","","","",""
"2022/04/04 3:32:37 p. m. GMT-5","Femenino","20 a 25 años","No","No","1 a 2 amigos","No","","","","","","","","","","","","","","","","","",""
"2022/04/04 3:32:38 p. m. GMT-5","Masculino","20 a 25 años","Sí","No","1 a 2 amigos","No","","","","","","","","","","","","","","","","","",""
"2022/04/04 3:33:12 p. m. GMT-5","Femenino","20 a 25 años","No","No","Más de 5 amigos","No","","","","","","","","","","","","","","","","","",""
"2022/04/04 3:34:09 p. m. GMT-5","Femenino","26 a 30 años","Sí","No","0","No","","","","","","","","","","","","","","","","","",""
"2022/04/04 3:34:10 p. m. GMT-5","Femenino","20 a 25 años","Sí","No","1 a 2 amigos","No","","","","","","","","","","","","","","","","","",""
"2022/04/04 3:34:17 p. m. GMT-5","Femenino","20 a 25 años","Sí","No","0","No","","","","","","","","","","","","","","","","","",""
"2022/04/04 3:34:19 p. m. GMT-5","Masculino","26 a 30 años","No","No","Más de 5 amigos","No","","","","","","","","","","","","","","","","","",""
"2022/04/04 3:34:43 p. m. GMT-5","Femenino","20 a 25 años","No","No","1 a 2 amigos","No","","","","","","","","","","","","","","","","","",""
"2022/04/04 3:34:50 p. m. GMT-5","Femenino","26 a 30 años","No","No","0","No","","","","","","","","","","","","","","","","","",""
"2022/04/04 3:34:53 p. m. GMT-5","Femenino","20 a 25 años","No","No","0","No","","","","","","","","","","","","","","","","","",""
"2022/04/04 3:35:54 p. m. GMT-5","Femenino","26 a 30 años","Sí","No","1 a 2 amigos","No","","","","","","","","","","","","","","","","","",""
"2022/04/04 3:36:39 p. m. GMT-5","Femenino","20 a 25 años","No","No","1 a 2 amigos","No","","","","","","","","","","","","","","","","","",""
"2022/04/04 3:36:42 p. m. GMT-5","Femenino","20 a 25 años","No","No","0","No","","","","","","","","","","","","","","","","","",""
"2022/04/04 3:36:46 p. m. GMT-5","Femenino","26 a 30 años","No","Sí","Más de 5 amigos","No","","","","","","","","","","","","","","","","","",""
"2022/04/04 3:37:17 p. m. GMT-5","Femenino","20 a 25 años","No","No","1 a 2 amigos","No","","","","","","","","","","","","","","","","","",""
"2022/04/04 3:37:25 p. m. GMT-5","Femenino","20 a 25 años","Sí","Sí","3 a 4 amigos","Sí","Boca, garganta, esófago y laringe;Pulmones, bronquios y tráquea","De 6 meses a 12 meses","Tal vez","Amigos;Solo","1 a 3 cigarrillos","L. 51.00 a L.150.00 lempiras","Viernes;Sábado","Noche","No","Tal vez","De 6 meses a 12 meses","Familia","Sí","No","6 horas o más","Sí","Redes sociales","Sí"
"2022/04/04 3:38:13 p. m. GMT-5","Masculino","31 a 35 años","Sí","Sí","1 a 2 amigos","No","","","","","","","","","","","","","","","","","",""
"2022/04/04 3:38:15 p. m. GMT-5","Femenino","20 a 25 años","Sí","Sí","1 a 2 amigos","No","","","","","","","","","","","","","","","","","",""
"2022/04/04 3:38:32 p. m. GMT-5","Femenino","20 a 25 años","No","Sí","0","No","","","","","","","","","","","","","","","","","",""
"2022/04/04 3:38:41 p. m. GMT-5","Femenino","26 a 30 años","Sí","Sí","1 a 2 amigos","No","","","","","","","","","","","","","","","","","",""
"2022/04/04 3:38:41 p. m. GMT-5","Masculino","20 a 25 años","No","Sí","0","No","","","","","","","","","","","","","","","","","",""
"2022/04/04 3:39:20 p. m. GMT-5","Femenino","20 a 25 años","No","No","1 a 2 amigos","No","","","","","","","","","","","","","","","","","",""
"2022/04/04 3:39:49 p. m. GMT-5","Femenino","20 a 25 años","No","No","0","No","","","","","","","","","","","","","","","","","",""
"2022/04/04 3:40:06 p. m. GMT-5","Femenino","20 a 25 años","Sí","No","1 a 2 amigos","No","","","","","","","","","","","","","","","","","",""
"2022/04/04 3:40:21 p. m. GMT-5","Femenino","20 a 25 años","No","No","3 a 4 amigos","No","","","","","","","","","","","","","","","","","",""
"2022/04/04 3:41:10 p. m. GMT-5","Femenino","20 a 25 años","No","Sí","1 a 2 amigos","No","","","","","","","","","","","","","","","","","",""
"2022/04/04 3:41:18 p. m. GMT-5","Femenino","20 a 25 años","No","Sí","Más de 5 amigos","No","","","","","","","","","","","","","","","","","",""
"2022/04/04 3:42:07 p. m. GMT-5","Femenino","20 a 25 años","No","No","0","No","","","","","","","","","","","","","","","","","",""
"2022/04/04 3:42:41 p. m. GMT-5","Femenino","20 a 25 años","Sí","Sí","3 a 4 amigos","No","","","","","","","","","","","","","","","","","",""
"2022/04/04 3:42:52 p. m. GMT-5","Masculino","20 a 25 años","Sí","Sí","Más de 5 amigos","No","","","","","","","","","","","","","","","","","",""
"2022/04/04 3:43:00 p. m. GMT-5","Femenino","20 a 25 años","No","No","1 a 2 amigos","No","","","","","","","","","","","","","","","","","",""
"2022/04/04 3:43:05 p. m. GMT-5","Femenino","20 a 25 años","No","No","0","No","","","","","","","","","","","","","","","","","",""
"2022/04/04 3:43:05 p. m. GMT-5","Femenino","20 a 25 años","Sí","Sí","0","No","","","","","","","","","","","","","","","","","",""
"2022/04/04 3:43:27 p. m. GMT-5","Femenino","20 a 25 años","No","No","0","No","","","","","","","","","","","","","","","","","",""
"2022/04/04 3:43:54 p. m. GMT-5","Femenino","20 a 25 años","No","Sí","1 a 2 amigos","No","","","","","","","","","","","","","","","","","",""
"2022/04/04 3:44:17 p. m. GMT-5","Femenino","20 a 25 años","Sí","No","0","No","","","","","","","","","","","","","","","","","",""
"2022/04/04 3:44:46 p. m. GMT-5","Masculino","20 a 25 años","No","No","Más de 5 amigos","Sí","Pulmones, bronquios y tráquea","De 1 año a 5 años","Sí","Amigos","1 a 3 cigarrillos","L. 1.00 a L.50.00 lempiras","Sábado;Domingo","Noche","Tal vez","Sí","De 1 mes a 3 meses","Familia","Sí","Sí","No lo se","Sí","Redes sociales","Sí"
"2022/04/04 3:45:20 p. m. GMT-5","Masculino","20 a 25 años","No","Sí","1 a 2 amigos","No","","","","","","","","","","","","","","","","","",""
"2022/04/04 3:46:09 p. m. GMT-5","Femenino","31 a 35 años","Sí","Sí","1 a 2 amigos","No","","","","","","","","","","","","","","","","","",""
"2022/04/04 3:46:20 p. m. GMT-5","Masculino","20 a 25 años","No","No","1 a 2 amigos","No","","","","","","","","","","","","","","","","","",""
"2022/04/04 3:46:53 p. m. GMT-5","Femenino","20 a 25 años","No","No","0","No","","","","","","","","","","","","","","","","","",""
"2022/04/04 3:46:55 p. m. GMT-5","Femenino","20 a 25 años","No","No","0","No","","","","","","","","","","","","","","","","","",""
"2022/04/04 3:47:29 p. m. GMT-5","Femenino","26 a 30 años","Sí","Sí","Más de 5 amigos","Sí","Boca, garganta, esófago y laringe;Pulmones, bronquios y tráquea","De 3 meses a 6 meses","No","Amigos;Solo","1 a 3 cigarrillos","L. 1.00 a L.50.00 lempiras","Sábado;Domingo","Noche","Sí","Sí","Menos de 30 días","Me da ansiedad ciertas cosas y así me calmo","No","No","No lo se","Sí","Redes sociales","Tal vez"
"2022/04/04 3:47:37 p. m. GMT-5","Femenino","26 a 30 años","Sí","Sí","1 a 2 amigos","No","","","","","","","","","","","","","","","","","",""
"2022/04/04 3:48:05 p. m. GMT-5","Femenino","20 a 25 años","No","Sí","0","No","","","","","","","","","","","","","","","","","",""
"2022/04/04 3:48:13 p. m. GMT-5","Femenino","20 a 25 años","Sí","No","1 a 2 amigos","No","","","","","","","","","","","","","","","","","",""
"2022/04/04 3:48:44 p. m. GMT-5","Femenino","31 a 35 años","No","No","1 a 2 amigos","No","","","","","","","","","","","","","","","","","",""
"2022/04/04 3:49:11 p. m. GMT-5","Masculino","20 a 25 años","No","No","Más de 5 amigos","No","","","","","","","","","","","","","","","","","",""
"2022/04/04 3:49:28 p. m. GMT-5","Femenino","20 a 25 años","No","Sí","Más de 5 amigos","No","","","","","","","","","","","","","","","","","",""
"2022/04/04 3:49:32 p. m. GMT-5","Masculino","31 a 35 años","Sí","No","3 a 4 amigos","No","","","","","","","","","","","","","","","","","",""
"2022/04/04 3:49:33 p. m. GMT-5","Masculino","20 a 25 años","No","No","3 a 4 amigos","No","","","","","","","","","","","","","","","","","",""
"2022/04/04 3:50:12 p. m. GMT-5","Femenino","20 a 25 años","No","Sí","1 a 2 amigos","No","","","","","","","","","","","","","","","","","",""
"2022/04/04 3:50:32 p. m. GMT-5","Femenino","20 a 25 años","No","No","3 a 4 amigos","No","","","","","","","","","","","","","","","","","",""
"2022/04/04 3:51:21 p. m. GMT-5","Femenino","20 a 25 años","No","No","Más de 5 amigos","Sí","Boca, garganta, esófago y laringe","Más de 5 años","No","Amigos","1 a 3 cigarrillos","L. 1.00 a L.50.00 lempiras","Viernes;Sábado","Noche","Sí","Sí","Más de 1 año","Mi bienestar","No","No","6 horas o más","No","Ninguno","No"
"2022/04/04 3:51:31 p. m. GMT-5","Masculino","20 a 25 años","No","No","Más de 5 amigos","No","","","","","","","","","","","","","","","","","",""
"2022/04/04 3:51:56 p. m. GMT-5","Masculino","26 a 30 años","No","No","3 a 4 amigos","No","","","","","","","","","","","","","","","","","",""
"2022/04/04 3:52:06 p. m. GMT-5","Femenino","20 a 25 años","No","No","0","No","","","","","","","","","","","","","","","","","",""
"2022/04/04 3:52:15 p. m. GMT-5","Femenino","20 a 25 años","No","No","Más de 5 amigos","No","","","","","","","","","","","","","","","","","",""
"2022/04/04 3:53:27 p. m. GMT-5","Femenino","20 a 25 años","Sí","No","1 a 2 amigos","No","","","","","","","","","","","","","","","","","",""
"2022/04/04 3:54:58 p. m. GMT-5","Masculino","20 a 25 años","Sí","No","0","No","","","","","","","","","","","","","","","","","",""
"2022/04/04 3:56:08 p. m. GMT-5","Masculino","20 a 25 años","No","No","0","No","","","","","","","","","","","","","","","","","",""
"2022/04/04 3:56:18 p. m. GMT-5","Femenino","20 a 25 años","No","No","0","No","","","","","","","","","","","","","","","","","",""
"2022/04/04 3:56:30 p. m. GMT-5","Masculino","20 a 25 años","No","Sí","1 a 2 amigos","No","","","","","","","","","","","","","","","","","",""
"2022/04/04 3:57:37 p. m. GMT-5","Femenino","20 a 25 años","No","Sí","1 a 2 amigos","No","","","","","","","","","","","","","","","","","",""
"2022/04/04 3:58:11 p. m. GMT-5","Masculino","20 a 25 años","Sí","No","1 a 2 amigos","Sí","Boca, garganta, esófago y laringe;Hígado, estomago y páncreas;Riñones, vejiga urinaria, colon y recto;Pulmones, bronquios y tráquea","Más de 5 años","No","Amigos;Conocidos;Solo","7 a 9 cigarrillos","Más de 301.00 lempiras","Lunes;Jueves","Tarde;Noche","No","Sí","Más de 1 año","Mi pareja me lo pidio ","Sí","Tal vez","No lo se","Tal vez","Ninguno","No"
"2022/04/04 3:59:08 p. m. GMT-5","Masculino","20 a 25 años","No","No","1 a 2 amigos","No","","","","","","","","","","","","","","","","","",""
"2022/04/04 3:59:47 p. m. GMT-5","Masculino","20 a 25 años","Sí","No","1 a 2 amigos","No","","","","","","","","","","","","","","","","","",""
"2022/04/04 3:59:56 p. m. GMT-5","Masculino","20 a 25 años","Sí","No","0","No","","","","","","","","","","","","","","","","","",""
"2022/04/04 4:01:05 p. m. GMT-5","Femenino","20 a 25 años","No","Tal vez","1 a 2 amigos","No","","","","","","","","","","","","","","","","","",""
"2022/04/04 4:01:25 p. m. GMT-5","Femenino","20 a 25 años","Sí","Sí","1 a 2 amigos","No","","","","","","","","","","","","","","","","","",""
"2022/04/04 4:01:35 p. m. GMT-5","Femenino","20 a 25 años","No","No","1 a 2 amigos","No","","","","","","","","","","","","","","","","","",""
"2022/04/04 4:02:18 p. m. GMT-5","Femenino","20 a 25 años","No","No","1 a 2 amigos","No","","","","","","","","","","","","","","","","","",""
"2022/04/04 4:02:30 p. m. GMT-5","Femenino","20 a 25 años","No","Sí","3 a 4 amigos","No","","","","","","","","","","","","","","","","","",""
"2022/04/04 4:05:06 p. m. GMT-5","Femenino","20 a 25 años","No","No","0","No","","","","","","","","","","","","","","","","","",""
"2022/04/04 4:06:12 p. m. GMT-5","Masculino","20 a 25 años","No","No","0","No","","","","","","","","","","","","","","","","","",""
"2022/04/04 4:07:09 p. m. GMT-5","Masculino","20 a 25 años","No","Sí","3 a 4 amigos","No","","","","","","","","","","","","","","","","","",""
"2022/04/04 4:07:10 p. m. GMT-5","Femenino","20 a 25 años","No","No","0","No","","","","","","","","","","","","","","","","","",""
"2022/04/04 4:07:12 p. m. GMT-5","Femenino","20 a 25 años","Sí","No","0","No","","","","","","","","","","","","","","","","","",""
"2022/04/04 4:08:13 p. m. GMT-5","Masculino","más de 36 años","Sí","No","3 a 4 amigos","No","","","","","","","","","","","","","","","","","",""
"2022/04/04 4:08:24 p. m. GMT-5","Masculino","20 a 25 años","No","No","0","No","","","","","","","","","","","","","","","","","",""
"2022/04/04 4:08:57 p. m. GMT-5","Femenino","20 a 25 años","No","Sí","Más de 5 amigos","Sí","Boca, garganta, esófago y laringe;Pulmones, bronquios y tráquea","De 3 meses a 6 meses","No","Amigos;Familiares;Conocidos;Desconocidos;Solo","1 a 3 cigarrillos","L. 1.00 a L.50.00 lempiras","Sábado","Noche","No","No","","","","","6 horas o más","No","Ninguno","No"
"2022/04/04 4:09:55 p. m. GMT-5","Masculino","20 a 25 años","No","No","0","No","","","","","","","","","","","","","","","","","",""
"2022/04/04 4:10:38 p. m. GMT-5","Femenino","20 a 25 años","Sí","Sí","0","No","","","","","","","","","","","","","","","","","",""
"2022/04/04 4:11:30 p. m. GMT-5","Masculino","20 a 25 años","No","No","1 a 2 amigos","No","","","","","","","","","","","","","","","","","",""
"2022/04/04 4:11:31 p. m. GMT-5","Femenino","31 a 35 años","Sí","No","1 a 2 amigos","No","","","","","","","","","","","","","","","","","",""
"2022/04/04 4:11:44 p. m. GMT-5","Femenino","20 a 25 años","No","No","0","No","","","","","","","","","","","","","","","","","",""
"2022/04/04 4:12:31 p. m. GMT-5","Femenino","20 a 25 años","No","No","Más de 5 amigos","No","","","","","","","","","","","","","","","","","",""
"2022/04/04 4:12:58 p. m. GMT-5","Femenino","20 a 25 años","No","No","0","No","","","","","","","","","","","","","","","","","",""
"2022/04/04 4:13:11 p. m. GMT-5","Masculino","20 a 25 años","No","No","0","No","","","","","","","","","","","","","","","","","",""
"2022/04/04 4:14:45 p. m. GMT-5","Femenino","26 a 30 años","Sí","No","0","No","","","","","","","","","","","","","","","","","",""
"2022/04/04 4:14:49 p. m. GMT-5","Femenino","20 a 25 años","No","No","0","No","","","","","","","","","","","","","","","","","",""
"2022/04/04 4:15:19 p. m. GMT-5","Femenino","20 a 25 años","No","No","0","No","","","","","","","","","","","","","","","","","",""
"2022/04/04 4:15:34 p. m. GMT-5","Femenino","20 a 25 años","No","No","0","No","","","","","","","","","","","","","","","","","",""
"2022/04/04 4:15:51 p. m. GMT-5","Femenino","20 a 25 años","Sí","Sí","1 a 2 amigos","No","","","","","","","","","","","","","","","","","",""
"2022/04/04 4:17:04 p. m. GMT-5","Masculino","20 a 25 años","Sí","No","Más de 5 amigos","No","","","","","","","","","","","","","","","","","",""
"2022/04/04 4:17:06 p. m. GMT-5","Masculino","31 a 35 años","Sí","No","1 a 2 amigos","No","","","","","","","","","","","","","","","","","",""
"2022/04/04 4:17:32 p. m. GMT-5","Femenino","20 a 25 años","No","Tal vez","0","No","","","","","","","","","","","","","","","","","",""
"2022/04/04 4:19:42 p. m. GMT-5","Masculino","31 a 35 años","Sí","No","3 a 4 amigos","No","","","","","","","","","","","","","","","","","",""
"2022/04/04 4:20:14 p. m. GMT-5","Femenino","más de 36 años","Sí","No","1 a 2 amigos","No","","","","","","","","","","","","","","","","","",""
"2022/04/04 4:20:59 p. m. GMT-5","Femenino","más de 36 años","No","No","0","No","","","","","","","","","","","","","","","","","",""
"2022/04/04 4:21:48 p. m. GMT-5","Masculino","20 a 25 años","Sí","No","1 a 2 amigos","Sí","Pulmones, bronquios y tráquea","De 3 meses a 6 meses","Sí","Solo","1 a 3 cigarrillos","L. 1.00 a L.50.00 lempiras","Sábado;Domingo","Noche","No","Sí","De 1 mes a 3 meses","Familia","Sí","No","6 horas o más","Sí","Redes sociales","Tal vez"
"2022/04/04 4:23:43 p. m. GMT-5","Femenino","más de 36 años","No","No","0","No","","","","","","","","","","","","","","","","","",""
"2022/04/04 4:24:49 p. m. GMT-5","Femenino","20 a 25 años","No","No","1 a 2 amigos","No","","","","","","","","","","","","","","","","","",""
"2022/04/04 4:26:35 p. m. GMT-5","Femenino","26 a 30 años","Sí","Tal vez","Más de 5 amigos","Sí","Pulmones, bronquios y tráquea","Más de 5 años","Tal vez","Amigos;Familiares;Conocidos","4 a 6 cigarrillos","L. 1.00 a L.50.00 lempiras","Lunes;Martes;Miércoles;Jueves;Viernes;Sábado;Domingo","Tarde;Noche","Sí","Tal vez","De 6 meses a 12 meses","Mi bienestar","Sí","Sí","6 horas o más","Sí","Anuncios publicitarios en tv","Tal vez"
"2022/04/04 4:27:43 p. m. GMT-5","Masculino","20 a 25 años","No","No","3 a 4 amigos","No","","","","","","","","","","","","","","","","","",""
"2022/04/04 4:28:39 p. m. GMT-5","Femenino","20 a 25 años","No","No","0","No","","","","","","","","","","","","","","","","","",""
"2022/04/04 4:28:40 p. m. GMT-5","Masculino","20 a 25 años","Sí","No","1 a 2 amigos","No","","","","","","","","","","","","","","","","","",""
"2022/04/04 4:29:12 p. m. GMT-5","Masculino","20 a 25 años","Sí","No","Más de 5 amigos","No","","","","","","","","","","","","","","","","","",""
"2022/04/04 4:32:32 p. m. GMT-5","Masculino","31 a 35 años","Sí","No","1 a 2 amigos","No","","","","","","","","","","","","","","","","","",""
"2022/04/04 4:33:07 p. m. GMT-5","Femenino","20 a 25 años","No","No","1 a 2 amigos","No","","","","","","","","","","","","","","","","","",""
"2022/04/04 4:35:07 p. m. GMT-5","Masculino","20 a 25 años","No","No","Más de 5 amigos","No","","","","","","","","","","","","","","","","","",""
"2022/04/04 4:36:31 p. m. GMT-5","Masculino","20 a 25 años","Sí","No","0","No","","","","","","","","","","","","","","","","","",""
"2022/04/04 4:37:59 p. m. GMT-5","Masculino","20 a 25 años","Sí","No","1 a 2 amigos","No","","","","","","","","","","","","","","","","","",""
"2022/04/04 4:39:08 p. m. GMT-5","Masculino","20 a 25 años","Sí","No","0","No","","","","","","","","","","","","","","","","","",""
"2022/04/04 4:39:13 p. m. GMT-5","Femenino","20 a 25 años","Sí","Sí","Más de 5 amigos","No","","","","","","","","","","","","","","","","","",""
"2022/04/04 4:40:57 p. m. GMT-5","Femenino","20 a 25 años","No","No","0","No","","","","","","","","","","","","","","","","","",""
"2022/04/04 4:42:36 p. m. GMT-5","Masculino","20 a 25 años","No","No","0","No","","","","","","","","","","","","","","","","","",""
"2022/04/04 4:44:14 p. m. GMT-5","Femenino","26 a 30 años","Sí","No","1 a 2 amigos","No","","","","","","","","","","","","","","","","","",""
"2022/04/04 4:45:33 p. m. GMT-5","Masculino","26 a 30 años","Sí","No","Más de 5 amigos","Sí","Pulmones, bronquios y tráquea;Boca, garganta, esófago y laringe","Más de 5 años","Tal vez","Amigos;Conocidos;Solo","Más de 10 cigarrillos","Más de 301.00 lempiras","Viernes;Sábado;Domingo","Tarde;Noche","Tal vez","No","","","","","4 a 6 horas","Sí","Redes sociales","Sí"
"2022/04/04 4:47:12 p. m. GMT-5","Femenino","26 a 30 años","Sí","No","0","No","","","","","","","","","","","","","","","","","",""
"2022/04/04 4:47:40 p. m. GMT-5","Masculino","más de 36 años","Sí","No","3 a 4 amigos","No","","","","","","","","","","","","","","","","","",""
"2022/04/04 4:48:01 p. m. GMT-5","Femenino","26 a 30 años","No","No","0","No","","","","","","","","","","","","","","","","","",""
"2022/04/04 4:50:12 p. m. GMT-5","Masculino","20 a 25 años","Sí","Sí","1 a 2 amigos","No","","","","","","","","","","","","","","","","","",""
"2022/04/04 4:52:37 p. m. GMT-5","Femenino","20 a 25 años","Sí","Sí","0","No","","","","","","","","","","","","","","","","","",""
"2022/04/04 4:52:53 p. m. GMT-5","Femenino","20 a 25 años","No","No","1 a 2 amigos","No","","","","","","","","","","","","","","","","","",""
"2022/04/04 4:54:12 p. m. GMT-5","Femenino","20 a 25 años","Sí","No","0","No","","","","","","","","","","","","","","","","","",""
"2022/04/04 4:56:34 p. m. GMT-5","Femenino","20 a 25 años","Sí","No","1 a 2 amigos","No","","","","","","","","","","","","","","","","","",""
"2022/04/04 4:59:51 p. m. GMT-5","Masculino","20 a 25 años","No","No","Más de 5 amigos","Sí","Pulmones, bronquios y tráquea;Boca, garganta, esófago y laringe","De 6 meses a 12 meses","Tal vez","Amigos;Desconocidos","1 a 3 cigarrillos","L. 151.00 a L.300.00 lempiras","Viernes;Sábado","Noche","Tal vez","No","","","","","6 horas o más","Sí","Ninguno","No"
"2022/04/04 5:00:57 p. m. GMT-5","Femenino","20 a 25 años","No","No","3 a 4 amigos","No","","","","","","","","","","","","","","","","","",""
"2022/04/04 5:03:39 p. m. GMT-5","Femenino","20 a 25 años","No","No","1 a 2 amigos","No","","","","","","","","","","","","","","","","","",""
"2022/04/04 5:04:54 p. m. GMT-5","Femenino","20 a 25 años","No","No","0","No","","","","","","","","","","","","","","","","","",""
"2022/04/04 5:06:33 p. m. GMT-5","Femenino","20 a 25 años","No","No","1 a 2 amigos","No","","","","","","","","","","","","","","","","","",""
"2022/04/04 5:07:50 p. m. GMT-5","Femenino","20 a 25 años","No","No","0","No","","","","","","","","","","","","","","","","","",""
"2022/04/04 5:09:38 p. m. GMT-5","Femenino","26 a 30 años","Sí","Sí","Más de 5 amigos","No","","","","","","","","","","","","","","","","","",""
"2022/04/04 5:11:46 p. m. GMT-5","Femenino","26 a 30 años","No","Sí","Más de 5 amigos","No","","","","","","","","","","","","","","","","","",""
"2022/04/04 5:15:36 p. m. GMT-5","Femenino","26 a 30 años","Sí","No","1 a 2 amigos","No","","","","","","","","","","","","","","","","","",""
"2022/04/04 5:15:47 p. m. GMT-5","Femenino","20 a 25 años","Sí","Sí","1 a 2 amigos","No","","","","","","","","","","","","","","","","","",""
"2022/04/04 5:17:23 p. m. GMT-5","Masculino","26 a 30 años","No","Sí","Más de 5 amigos","Sí","Boca, garganta, esófago y laringe;Pulmones, bronquios y tráquea","Más de 5 años","No","Amigos;Solo","4 a 6 cigarrillos","L. 151.00 a L.300.00 lempiras","Sábado;Domingo","Tarde;Noche","Tal vez","Sí","Menos de 30 días","Mi bienestar","Sí","No","6 horas o más","Tal vez","Ninguno","No"
"2022/04/04 5:19:43 p. m. GMT-5","Masculino","20 a 25 años","Sí","No","3 a 4 amigos","No","","","","","","","","","","","","","","","","","",""
"2022/04/04 5:20:33 p. m. GMT-5","Femenino","26 a 30 años","No","Sí","3 a 4 amigos","Sí","Boca, garganta, esófago y laringe","De 1 año a 5 años","Sí","Amigos","1 a 3 cigarrillos","L. 51.00 a L.150.00 lempiras","Viernes","Noche","No","Sí","Más de 1 año","Mi bienestar","Sí","No","0 a 3 horas","Sí","Redes sociales","Tal vez"
"2022/04/04 5:21:06 p. m. GMT-5","Femenino","31 a 35 años","No","Sí","Más de 5 amigos","Sí","Todos los anteriores","Más de 5 años","Tal vez","Amigos","1 a 3 cigarrillos","L. 151.00 a L.300.00 lempiras","Jueves;Viernes;Sábado","Noche","Sí","Sí","Más de 1 año","Mi bienestar","Sí","No","4 a 6 horas","Sí","Anuncios publicitarios en tv","No"
"2022/04/04 5:21:35 p. m. GMT-5","Femenino","20 a 25 años","No","No","1 a 2 amigos","No","","","","","","","","","","","","","","","","","",""
"2022/04/04 5:24:08 p. m. GMT-5","Femenino","20 a 25 años","No","Sí","3 a 4 amigos","No","","","","","","","","","","","","","","","","","",""
"2022/04/04 5:26:58 p. m. GMT-5","Masculino","20 a 25 años","No","No","1 a 2 amigos","No","","","","","","","","","","","","","","","","","",""
"2022/04/04 5:28:03 p. m. GMT-5","Masculino","más de 36 años","Sí","No","1 a 2 amigos","No","","","","","","","","","","","","","","","","","",""
"2022/04/04 5:30:05 p. m. GMT-5","Femenino","26 a 30 años","Sí","No","0","No","","","","","","","","","","","","","","","","","",""
"2022/04/04 5:35:23 p. m. GMT-5","Masculino","20 a 25 años","No","Tal vez","1 a 2 amigos","No","","","","","","","","","","","","","","","","","",""
"2022/04/04 5:38:06 p. m. GMT-5","Femenino","20 a 25 años","No","Sí","Más de 5 amigos","Sí","Hígado, estomago y páncreas","De 1 año a 5 años","Tal vez","Solo","1 a 3 cigarrillos","L. 51.00 a L.150.00 lempiras","Lunes","Noche","Sí","Sí","Menos de 30 días","Familia","Sí","No","6 horas o más","Sí","Redes sociales","Sí"
"2022/04/04 5:40:10 p. m. GMT-5","Femenino","20 a 25 años","No","No","0","No","","","","","","","","","","","","","","","","","",""
"2022/04/04 5:43:45 p. m. GMT-5","Masculino","20 a 25 años","No","No","3 a 4 amigos","No","","","","","","","","","","","","","","","","","",""
"2022/04/04 5:44:36 p. m. GMT-5","Masculino","20 a 25 años","No","No","1 a 2 amigos","No","","","","","","","","","","","","","","","","","",""
"2022/04/04 5:45:31 p. m. GMT-5","Masculino","20 a 25 años","No","No","3 a 4 amigos","No","","","","","","","","","","","","","","","","","",""
"2022/04/04 5:48:34 p. m. GMT-5","Femenino","20 a 25 años","No","Sí","3 a 4 amigos","Sí","Pulmones, bronquios y tráquea","De 3 meses a 6 meses","No","Amigos;Solo","1 a 3 cigarrillos","L. 1.00 a L.50.00 lempiras","Viernes","Noche","Tal vez","Sí","Más de 1 año","Familia","Sí","No","6 horas o más","No","Redes sociales","Sí"
"2022/04/04 5:49:57 p. m. GMT-5","Masculino","20 a 25 años","No","Sí","0","No","","","","","","","","","","","","","","","","","",""
"2022/04/04 5:50:11 p. m. GMT-5","Masculino","20 a 25 años","Sí","No","1 a 2 amigos","No","","","","","","","","","","","","","","","","","",""
"2022/04/04 5:50:29 p. m. GMT-5","Masculino","20 a 25 años","No","No","Más de 5 amigos","No","","","","","","","","","","","","","","","","","",""
"2022/04/04 5:55:41 p. m. GMT-5","Femenino","26 a 30 años","No","No","1 a 2 amigos","No","","","","","","","","","","","","","","","","","",""
"2022/04/04 5:55:47 p. m. GMT-5","Femenino","20 a 25 años","Sí","No","1 a 2 amigos","No","","","","","","","","","","","","","","","","","",""
"2022/04/04 6:01:01 p. m. GMT-5","Masculino","26 a 30 años","No","No","0","No","","","","","","","","","","","","","","","","","",""
"2022/04/04 6:01:20 p. m. GMT-5","Femenino","20 a 25 años","No","Tal vez","Más de 5 amigos","No","","","","","","","","","","","","","","","","","",""
"2022/04/04 6:08:41 p. m. GMT-5","Femenino","20 a 25 años","Sí","Sí","3 a 4 amigos","No","","","","","","","","","","","","","","","","","",""
"2022/04/04 6:09:39 p. m. GMT-5","Masculino","20 a 25 años","Sí","Tal vez","Más de 5 amigos","No","","","","","","","","","","","","","","","","","",""
"2022/04/04 6:09:56 p. m. GMT-5","Masculino","20 a 25 años","No","No","0","No","","","","","","","","","","","","","","","","","",""
"2022/04/04 6:11:45 p. m. GMT-5","Masculino","20 a 25 años","No","No","0","No","","","","","","","","","","","","","","","","","",""
"2022/04/04 6:14:11 p. m. GMT-5","Masculino","más de 36 años","Sí","No","3 a 4 amigos","No","","","","","","","","","","","","","","","","","",""
"2022/04/04 6:15:56 p. m. GMT-5","Masculino","20 a 25 años","No","No","3 a 4 amigos","Sí","Hígado, estomago y páncreas;Boca, garganta, esófago y laringe;Pulmones, bronquios y tráquea","De 1 año a 5 años","No","Solo","1 a 3 cigarrillos","L. 1.00 a L.50.00 lempiras","Lunes","Tarde","No","Tal vez","De 6 meses a 12 meses","No me motiva","No","No","6 horas o más","No","Redes sociales","No"
"2022/04/04 6:16:22 p. m. GMT-5","Femenino","31 a 35 años","Sí","No","1 a 2 amigos","No","","","","","","","","","","","","","","","","","",""
"2022/04/04 6:25:46 p. m. GMT-5","Masculino","20 a 25 años","No","Sí","0","Sí","Pulmones, bronquios y tráquea","De 1 mes a 3 meses","No","Solo","1 a 3 cigarrillos","L. 1.00 a L.50.00 lempiras","Miércoles","Noche","No","Tal vez","De 1 mes a 3 meses","No me motiva","No","Tal vez","4 a 6 horas","No","Ninguno","No"
"2022/04/04 6:30:29 p. m. GMT-5","Femenino","20 a 25 años","No","No","3 a 4 amigos","No","","","","","","","","","","","","","","","","","",""
"2022/04/04 6:31:32 p. m. GMT-5","Masculino","20 a 25 años","No","No","Más de 5 amigos","No","","","","","","","","","","","","","","","","","",""
"2022/04/04 6:31:42 p. m. GMT-5","Masculino","20 a 25 años","Sí","No","1 a 2 amigos","No","","","","","","","","","","","","","","","","","",""
"2022/04/04 6:36:52 p. m. GMT-5","Femenino","20 a 25 años","Sí","Sí","Más de 5 amigos","No","","","","","","","","","","","","","","","","","",""
"2022/04/04 6:49:11 p. m. GMT-5","Femenino","20 a 25 años","Sí","No","0","No","","","","","","","","","","","","","","","","","",""
"2022/04/04 6:56:22 p. m. GMT-5","Femenino","20 a 25 años","No","No","1 a 2 amigos","No","","","","","","","","","","","","","","","","","",""
"2022/04/04 6:58:25 p. m. GMT-5","Femenino","20 a 25 años","No","Sí","1 a 2 amigos","No","","","","","","","","","","","","","","","","","",""
"2022/04/04 7:01:55 p. m. GMT-5","Femenino","26 a 30 años","No","Sí","0","No","","","","","","","","","","","","","","","","","",""
"2022/04/04 7:12:02 p. m. GMT-5","Masculino","20 a 25 años","Sí","Sí","3 a 4 amigos","No","","","","","","","","","","","","","","","","","",""
"2022/04/04 7:12:19 p. m. GMT-5","Femenino","20 a 25 años","No","Sí","1 a 2 amigos","Sí","Pulmones, bronquios y tráquea","De 1 año a 5 años","Sí","Amigos","1 a 3 cigarrillos","L. 51.00 a L.150.00 lempiras","Martes;Miércoles;Sábado","Noche","Sí","Sí","Menos de 30 días","Familia","Sí","No","6 horas o más","Sí","Redes sociales","Sí"
"2022/04/04 7:15:56 p. m. GMT-5","Masculino","20 a 25 años","No","Sí","Más de 5 amigos","No","","","","","","","","","","","","","","","","","",""
"2022/04/04 7:20:06 p. m. GMT-5","Masculino","20 a 25 años","Sí","No","1 a 2 amigos","No","","","","","","","","","","","","","","","","","",""
"2022/04/04 7:20:31 p. m. GMT-5","Masculino","20 a 25 años","Sí","No","3 a 4 amigos","No","","","","","","","","","","","","","","","","","",""
"2022/04/04 7:20:43 p. m. GMT-5","Femenino","26 a 30 años","No","Sí","Más de 5 amigos","No","","","","","","","","","","","","","","","","","",""
"2022/04/04 7:20:54 p. m. GMT-5","Femenino","26 a 30 años","Sí","Sí","3 a 4 amigos","No","","","","","","","","","","","","","","","","","",""
"2022/04/04 7:22:37 p. m. GMT-5","Femenino","26 a 30 años","Sí","No","0","No","","","","","","","","","","","","","","","","","",""
"2022/04/04 7:25:08 p. m. GMT-5","Femenino","20 a 25 años","No","Tal vez","0","No","","","","","","","","","","","","","","","","","",""
"2022/04/04 7:27:40 p. m. GMT-5","Masculino","20 a 25 años","No","No","0","No","","","","","","","","","","","","","","","","","",""
"2022/04/04 7:29:49 p. m. GMT-5","Femenino","20 a 25 años","No","Sí","1 a 2 amigos","No","","","","","","","","","","","","","","","","","",""
"2022/04/04 7:30:02 p. m. GMT-5","Femenino","más de 36 años","Sí","No","1 a 2 amigos","No","","","","","","","","","","","","","","","","","",""
"2022/04/04 7:30:49 p. m. GMT-5","Masculino","20 a 25 años","No","Sí","1 a 2 amigos","No","","","","","","","","","","","","","","","","","",""
"2022/04/04 7:35:41 p. m. GMT-5","Femenino","20 a 25 años","No","No","0","No","","","","","","","","","","","","","","","","","",""
"2022/04/04 7:39:15 p. m. GMT-5","Masculino","20 a 25 años","No","No","3 a 4 amigos","No","","","","","","","","","","","","","","","","","",""
"2022/04/04 7:41:00 p. m. GMT-5","Femenino","20 a 25 años","No","No","1 a 2 amigos","No","","","","","","","","","","","","","","","","","",""
"2022/04/04 7:42:23 p. m. GMT-5","Masculino","20 a 25 años","Sí","Sí","Más de 5 amigos","No","","","","","","","","","","","","","","","","","",""
"2022/04/04 7:42:56 p. m. GMT-5","Femenino","20 a 25 años","No","No","0","No","","","","","","","","","","","","","","","","","",""
"2022/04/04 7:43:14 p. m. GMT-5","Femenino","20 a 25 años","No","Sí","1 a 2 amigos","No","","","","","","","","","","","","","","","","","",""
"2022/04/04 7:45:38 p. m. GMT-5","Femenino","20 a 25 años","No","No","1 a 2 amigos","No","","","","","","","","","","","","","","","","","",""
"2022/04/04 7:45:45 p. m. GMT-5","Masculino","20 a 25 años","No","Sí","1 a 2 amigos","No","","","","","","","","","","","","","","","","","",""
"2022/04/04 7:46:02 p. m. GMT-5","Femenino","20 a 25 años","No","Sí","1 a 2 amigos","No","","","","","","","","","","","","","","","","","",""
"2022/04/04 7:48:44 p. m. GMT-5","Femenino","20 a 25 años","No","No","Más de 5 amigos","No","","","","","","","","","","","","","","","","","",""
"2022/04/04 7:50:12 p. m. GMT-5","Femenino","más de 36 años","Sí","No","0","No","","","","","","","","","","","","","","","","","",""
"2022/04/04 7:57:40 p. m. GMT-5","Masculino","20 a 25 años","No","Sí","1 a 2 amigos","Sí","Pulmones, bronquios y tráquea;Riñones, vejiga urinaria, colon y recto","Menos de 30 días","Tal vez","Amigos;Familiares","1 a 3 cigarrillos","L. 1.00 a L.50.00 lempiras","Domingo","Tarde","Tal vez","Sí","De 6 meses a 12 meses","Mi bienestar","Sí","Sí","6 horas o más","Tal vez","Ninguno","No"
"2022/04/04 7:59:07 p. m. GMT-5","Femenino","20 a 25 años","Sí","No","3 a 4 amigos","No","","","","","","","","","","","","","","","","","",""
"2022/04/04 8:02:29 p. m. GMT-5","Masculino","20 a 25 años","No","No","1 a 2 amigos","No","","","","","","","","","","","","","","","","","",""
"2022/04/04 8:04:33 p. m. GMT-5","Masculino","más de 36 años","Sí","Sí","3 a 4 amigos","Sí","Pulmones, bronquios y tráquea","Más de 5 años","Sí","Solo","Más de 10 cigarrillos","Más de 301.00 lempiras","Domingo","Tarde","Sí","Sí","Menos de 30 días","Familia","No","No","6 horas o más","Tal vez","Anuncios publicitarios en tv","Sí"
"2022/04/04 8:06:08 p. m. GMT-5","Femenino","20 a 25 años","Sí","No","1 a 2 amigos","No","","","","","","","","","","","","","","","","","",""
"2022/04/04 8:06:16 p. m. GMT-5","Femenino","20 a 25 años","Sí","No","3 a 4 amigos","Sí","Riñones, vejiga urinaria, colon y recto;Boca, garganta, esófago y laringe","De 6 meses a 12 meses","No","Amigos","1 a 3 cigarrillos","L. 1.00 a L.50.00 lempiras","Sábado","Noche","Sí","Sí","Más de 1 año","Mi bienestar","Sí","No","0 a 3 horas","Sí","Redes sociales","Sí"
"2022/04/04 8:12:15 p. m. GMT-5","Femenino","20 a 25 años","No","No","0","No","","","","","","","","","","","","","","","","","",""
"2022/04/04 8:19:07 p. m. GMT-5","Femenino","20 a 25 años","Sí","No","1 a 2 amigos","No","","","","","","","","","","","","","","","","","",""
"2022/04/04 8:20:36 p. m. GMT-5","Femenino","20 a 25 años","No","Sí","1 a 2 amigos","No","","","","","","","","","","","","","","","","","",""
"2022/04/04 8:25:55 p. m. GMT-5","Femenino","20 a 25 años","Sí","Tal vez","0","No","","","","","","","","","","","","","","","","","",""
"2022/04/04 8:29:39 p. m. GMT-5","Femenino","20 a 25 años","No","No","Más de 5 amigos","No","","","","","","","","","","","","","","","","","",""
"2022/04/04 8:32:44 p. m. GMT-5","Masculino","20 a 25 años","No","No","3 a 4 amigos","No","","","","","","","","","","","","","","","","","",""
"2022/04/04 8:49:49 p. m. GMT-5","Femenino","31 a 35 años","Sí","Sí","0","No","","","","","","","","","","","","","","","","","",""
"2022/04/04 9:09:56 p. m. GMT-5","Masculino","más de 36 años","Sí","No","Más de 5 amigos","Sí","Pulmones, bronquios y tráquea","Más de 5 años","No","Solo","4 a 6 cigarrillos","L. 51.00 a L.150.00 lempiras","Sábado","Noche","Tal vez","Sí","Menos de 30 días","Mi bienestar","Sí","No","0 a 3 horas","Sí","Redes sociales","No"
"2022/04/04 9:15:17 p. m. GMT-5","Masculino","más de 36 años","Sí","No","1 a 2 amigos","No","","","","","","","","","","","","","","","","","",""
"2022/04/04 9:23:50 p. m. GMT-5","Femenino","20 a 25 años","Sí","No","1 a 2 amigos","No","","","","","","","","","","","","","","","","","",""
"2022/04/04 9:26:29 p. m. GMT-5","Masculino","20 a 25 años","Sí","No","1 a 2 amigos","No","","","","","","","","","","","","","","","","","",""
"2022/04/04 9:30:49 p. m. GMT-5","Masculino","20 a 25 años","Sí","No","0","No","","","","","","","","","","","","","","","","","",""
"2022/04/04 9:37:53 p. m. GMT-5","Masculino","20 a 25 años","Sí","No","0","No","","","","","","","","","","","","","","","","","",""
"2022/04/04 9:38:59 p. m. GMT-5","Masculino","20 a 25 años","No","No","0","No","","","","","","","","","","","","","","","","","",""
"2022/04/04 9:40:18 p. m. GMT-5","Masculino","20 a 25 años","No","No","0","No","","","","","","","","","","","","","","","","","",""
"2022/04/04 9:45:58 p. m. GMT-5","Femenino","26 a 30 años","Sí","No","1 a 2 amigos","No","","","","","","","","","","","","","","","","","",""
"2022/04/04 9:46:22 p. m. GMT-5","Masculino","20 a 25 años","No","No","0","No","","","","","","","","","","","","","","","","","",""
"2022/04/04 9:47:45 p. m. GMT-5","Femenino","20 a 25 años","No","No","0","No","","","","","","","","","","","","","","","","","",""
"2022/04/04 9:48:47 p. m. GMT-5","Masculino","más de 36 años","Sí","No","1 a 2 amigos","Sí","Riñones, vejiga urinaria, colon y recto","Menos de 30 días","Sí","Amigos","1 a 3 cigarrillos","L. 51.00 a L.150.00 lempiras","Sábado","Noche","Sí","Sí","Menos de 30 días","Mi bienestar","Sí","No","0 a 3 horas","Sí","Plataformas de streaming","Sí"
"2022/04/04 9:53:03 p. m. GMT-5","Femenino","20 a 25 años","No","Tal vez","0","No","","","","","","","","","","","","","","","","","",""
"2022/04/04 9:55:57 p. m. GMT-5","Femenino","20 a 25 años","Sí","No","1 a 2 amigos","No","","","","","","","","","","","","","","","","","",""
"2022/04/04 9:56:28 p. m. GMT-5","Masculino","20 a 25 años","Sí","No","1 a 2 amigos","No","","","","","","","","","","","","","","","","","",""
"2022/04/04 9:56:39 p. m. GMT-5","Femenino","20 a 25 años","No","No","1 a 2 amigos","No","","","","","","","","","","","","","","","","","",""
"2022/04/04 9:57:32 p. m. GMT-5","Femenino","20 a 25 años","No","Sí","3 a 4 amigos","No","","","","","","","","","","","","","","","","","",""
"2022/04/04 9:59:17 p. m. GMT-5","Masculino","20 a 25 años","No","No","1 a 2 amigos","No","","","","","","","","","","","","","","","","","",""
"2022/04/04 10:07:43 p. m. GMT-5","Masculino","20 a 25 años","No","No","0","No","","","","","","","","","","","","","","","","","",""
"2022/04/04 10:10:24 p. m. GMT-5","Masculino","20 a 25 años","No","No","0","No","","","","","","","","","","","","","","","","","",""
"2022/04/04 10:11:15 p. m. GMT-5","Femenino","20 a 25 años","Sí","Sí","Más de 5 amigos","No","","","","","","","","","","","","","","","","","",""
"2022/04/04 10:20:24 p. m. GMT-5","Femenino","20 a 25 años","Sí","Sí","1 a 2 amigos","No","","","","","","","","","","","","","","","","","",""
"2022/04/04 10:21:10 p. m. GMT-5","Masculino","20 a 25 años","No","No","1 a 2 amigos","No","","","","","","","","","","","","","","","","","",""
"2022/04/04 10:23:25 p. m. GMT-5","Femenino","20 a 25 años","Sí","No","Más de 5 amigos","No","","","","","","","","","","","","","","","","","",""
"2022/04/04 10:26:53 p. m. GMT-5","Masculino","20 a 25 años","No","No","0","No","","","","","","","","","","","","","","","","","",""
"2022/04/04 10:31:21 p. m. GMT-5","Masculino","26 a 30 años","Sí","Sí","3 a 4 amigos","Sí","Boca, garganta, esófago y laringe;Hígado, estomago y páncreas;Riñones, vejiga urinaria, colon y recto;Pulmones, bronquios y tráquea","De 1 año a 5 años","No","Amigos;Solo","1 a 3 cigarrillos","L. 1.00 a L.50.00 lempiras","Viernes;Sábado","Tarde","Sí","Sí","De 6 meses a 12 meses","Mi bienestar","Sí","No","6 horas o más","Tal vez","Redes sociales","Tal vez"
"2022/04/04 10:31:37 p. m. GMT-5","Femenino","20 a 25 años","No","No","3 a 4 amigos","No","","","","","","","","","","","","","","","","","",""
"2022/04/04 10:35:11 p. m. GMT-5","Femenino","20 a 25 años","No","No","1 a 2 amigos","No","","","","","","","","","","","","","","","","","",""
"2022/04/04 10:48:02 p. m. GMT-5","Femenino","más de 36 años","No","Sí","1 a 2 amigos","No","","","","","","","","","","","","","","","","","",""
"2022/04/04 10:59:13 p. m. GMT-5","Femenino","20 a 25 años","No","No","1 a 2 amigos","No","","","","","","","","","","","","","","","","","",""
"2022/04/04 10:59:47 p. m. GMT-5","Femenino","20 a 25 años","No","No","0","No","","","","","","","","","","","","","","","","","",""
"2022/04/04 11:07:57 p. m. GMT-5","Femenino","más de 36 años","Sí","No","Más de 5 amigos","No","","","","","","","","","","","","","","","","","",""
"2022/04/04 11:20:36 p. m. GMT-5","Femenino","20 a 25 años","No","No","0","No","","","","","","","","","","","","","","","","","",""
"2022/04/04 11:38:38 p. m. GMT-5","Femenino","20 a 25 años","No","Sí","0","No","","","","","","","","","","","","","","","","","",""
"2022/04/05 12:00:10 a. m. GMT-5","Masculino","26 a 30 años","Sí","Sí","3 a 4 amigos","No","","","","","","","","","","","","","","","","","",""
"2022/04/05 12:14:59 a. m. GMT-5","Masculino","26 a 30 años","No","No","1 a 2 amigos","No","","","","","","","","","","","","","","","","","",""
"2022/04/05 12:21:16 a. m. GMT-5","Masculino","20 a 25 años","Sí","Sí","Más de 5 amigos","Sí","Pulmones, bronquios y tráquea","De 1 mes a 3 meses","No","Amigos","1 a 3 cigarrillos","L. 1.00 a L.50.00 lempiras","Sábado;Domingo","Noche","No","Sí","Menos de 30 días","Mi bienestar","Sí","No","4 a 6 horas","Sí","Anuncios publicitarios en tv","No"
"2022/04/05 12:32:51 a. m. GMT-5","Femenino","31 a 35 años","No","Sí","1 a 2 amigos","No","","","","","","","","","","","","","","","","","",""
"2022/04/05 12:39:14 a. m. GMT-5","Femenino","20 a 25 años","No","No","1 a 2 amigos","No","","","","","","","","","","","","","","","","","",""
"2022/04/05 12:59:42 a. m. GMT-5","Femenino","20 a 25 años","Sí","No","Más de 5 amigos","No","","","","","","","","","","","","","","","","","",""
"2022/04/05 1:13:45 a. m. GMT-5","Masculino","20 a 25 años","No","Tal vez","1 a 2 amigos","No","","","","","","","","","","","","","","","","","",""
"2022/04/05 1:49:10 a. m. GMT-5","Masculino","20 a 25 años","No","No","Más de 5 amigos","No","","","","","","","","","","","","","","","","","",""
"2022/04/05 4:58:58 a. m. GMT-5","Femenino","26 a 30 años","Sí","Sí","Más de 5 amigos","No","","","","","","","","","","","","","","","","","",""
"2022/04/05 6:15:25 a. m. GMT-5","Femenino","20 a 25 años","No","No","3 a 4 amigos","No","","","","","","","","","","","","","","","","","",""
"2022/04/05 6:55:39 a. m. GMT-5","Masculino","más de 36 años","Sí","No","Más de 5 amigos","No","","","","","","","","","","","","","","","","","",""
"2022/04/05 8:04:02 a. m. GMT-5","Masculino","20 a 25 años","No","Sí","Más de 5 amigos","Sí","Pulmones, bronquios y tráquea;Boca, garganta, esófago y laringe","De 6 meses a 12 meses","Tal vez","Amigos;Solo","1 a 3 cigarrillos","L. 51.00 a L.150.00 lempiras","Jueves;Viernes","Noche","No","Sí","De 3 meses a 6 meses","Mi bienestar","Sí","No","4 a 6 horas","Tal vez","Ninguno","Tal vez"
"2022/04/05 8:32:00 a. m. GMT-5","Femenino","20 a 25 años","Sí","No","0","No","","","","","","","","","","","","","","","","","",""
"2022/04/05 10:10:23 a. m. GMT-5","Masculino","26 a 30 años","No","No","1 a 2 amigos","No","","","","","","","","","","","","","","","","","",""
"2022/04/05 10:16:19 a. m. GMT-5","Femenino","20 a 25 años","Sí","Sí","3 a 4 amigos","No","","","","","","","","","","","","","","","","","",""
"2022/04/05 10:24:43 a. m. GMT-5","Femenino","20 a 25 años","Sí","No","3 a 4 amigos","No","","","","","","","","","","","","","","","","","",""
"2022/04/05 10:37:18 a. m. GMT-5","Masculino","20 a 25 años","No","No","1 a 2 amigos","No","","","","","","","","","","","","","","","","","",""
"2022/04/05 10:49:18 a. m. GMT-5","Masculino","20 a 25 años","No","Sí","1 a 2 amigos","No","","","","","","","","","","","","","","","","","",""
"2022/04/05 11:04:30 a. m. GMT-5","Femenino","20 a 25 años","No","Sí","0","No","","","","","","","","","","","","","","","","","",""
"2022/04/05 11:08:53 a. m. GMT-5","Femenino","31 a 35 años","Sí","Sí","0","No","","","","","","","","","","","","","","","","","",""
"2022/04/05 12:08:40 p. m. GMT-5","Masculino","26 a 30 años","Sí","No","3 a 4 amigos","No","","","","","","","","","","","","","","","","","",""
"2022/04/05 12:08:58 p. m. GMT-5","Femenino","20 a 25 años","No","No","1 a 2 amigos","No","","","","","","","","","","","","","","","","","",""
"2022/04/05 1:29:30 p. m. GMT-5","Femenino","26 a 30 años","No","Sí","Más de 5 amigos","No","","","","","","","","","","","","","","","","","",""
"2022/04/05 1:54:36 p. m. GMT-5","Femenino","20 a 25 años","No","No","0","No","","","","","","","","","","","","","","","","","",""
"2022/04/05 2:32:15 p. m. GMT-5","Femenino","20 a 25 años","No","No","0","No","","","","","","","","","","","","","","","","","",""
"2022/04/05 2:45:27 p. m. GMT-5","Masculino","20 a 25 años","No","No","0","No","","","","","","","","","","","","","","","","","",""
"2022/04/05 4:13:50 p. m. GMT-5","Masculino","26 a 30 años","No","No","3 a 4 amigos","No","","","","","","","","","","","","","","","","","",""
"2022/04/05 4:36:40 p. m. GMT-5","Masculino","20 a 25 años","No","Sí","0","No","","","","","","","","","","","","","","","","","",""
"2022/04/05 4:50:10 p. m. GMT-5","Femenino","26 a 30 años","Sí","Sí","0","No","","","","","","","","","","","","","","","","","",""
"2022/04/05 5:03:16 p. m. GMT-5","Masculino","20 a 25 años","No","Sí","Más de 5 amigos","Sí","Pulmones, bronquios y tráquea;Boca, garganta, esófago y laringe","De 1 año a 5 años","No","Amigos;Familiares","1 a 3 cigarrillos","L. 51.00 a L.150.00 lempiras","Sábado","Noche","No","Sí","Más de 1 año","Mi bienestar","Sí","No","4 a 6 horas","Tal vez","Ninguno","Sí"
"2022/04/05 5:10:04 p. m. GMT-5","Femenino","20 a 25 años","No","No","3 a 4 amigos","No","","","","","","","","","","","","","","","","","",""
"2022/04/05 5:43:36 p. m. GMT-5","Masculino","20 a 25 años","No","No","1 a 2 amigos","No","","","","","","","","","","","","","","","","","",""
"2022/04/05 5:54:31 p. m. GMT-5","Masculino","20 a 25 años","No","Sí","3 a 4 amigos","No","","","","","","","","","","","","","","","","","",""
"2022/04/05 8:00:44 p. m. GMT-5","Masculino","31 a 35 años","Sí","No","1 a 2 amigos","No","","","","","","","","","","","","","","","","","",""
"2022/04/05 10:51:26 p. m. GMT-5","Femenino","20 a 25 años","No","No","0","No","","","","","","","","","","","","","","","","","",""
"2022/04/05 11:13:08 p. m. GMT-5","Masculino","20 a 25 años","Sí","No","1 a 2 amigos","No","","","","","","","","","","","","","","","","","",""
"2022/04/05 11:28:06 p. m. GMT-5","Femenino","20 a 25 años","Sí","No","0","No","","","","","","","","","","","","","","","","","",""
"2022/04/05 11:29:09 p. m. GMT-5","Femenino","20 a 25 años","No","No","0","No","","","","","","","","","","","","","","","","","",""
"2022/04/06 12:03:29 a. m. GMT-5","Femenino","20 a 25 años","No","No","1 a 2 amigos","No","","","","","","","","","","","","","","","","","",""
"2022/04/06 10:26:00 a. m. GMT-5","Masculino","20 a 25 años","No","No","0","No","","","","","","","","","","","","","","","","","",""
"2022/04/06 10:31:11 a. m. GMT-5","Femenino","20 a 25 años","No","No","1 a 2 amigos","No","","","","","","","","","","","","","","","","","",""
"2022/04/06 10:35:19 a. m. GMT-5","Masculino","20 a 25 años","No","No","1 a 2 amigos","No","","","","","","","","","","","","","","","","","",""
"2022/04/06 11:32:03 a. m. GMT-5","Masculino","20 a 25 años","No","No","3 a 4 amigos","No","","","","","","","","","","","","","","","","","",""
"2022/04/06 12:01:43 p. m. GMT-5","Femenino","20 a 25 años","Sí","No","0","No","","","","","","","","","","","","","","","","","",""
"2022/04/06 2:20:43 p. m. GMT-5","Femenino","más de 36 años","No","Tal vez","1 a 2 amigos","No","","","","","","","","","","","","","","","","","",""
"2022/04/06 3:28:43 p. m. GMT-5","Masculino","26 a 30 años","No","No","Más de 5 amigos","No","","","","","","","","","","","","","","","","","",""
"2022/04/06 6:59:00 p. m. GMT-5","Masculino","20 a 25 años","No","Sí","Más de 5 amigos","No","","","","","","","","","","","","","","","","","",""
"2022/04/06 8:35:05 p. m. GMT-5","Masculino","20 a 25 años","No","No","1 a 2 amigos","No","","","","","","","","","","","","","","","","","",""
"2022/04/06 8:35:10 p. m. GMT-5","Masculino","26 a 30 años","Sí","Sí","3 a 4 amigos","No","","","","","","","","","","","","","","","","","",""
"2022/04/06 8:54:40 p. m. GMT-5","Masculino","20 a 25 años","No","No","Más de 5 amigos","No","","","","","","","","","","","","","","","","","",""
"2022/04/06 9:48:54 p. m. GMT-5","Masculino","20 a 25 años","Sí","Sí","Más de 5 amigos","Sí","Boca, garganta, esófago y laringe;Pulmones, bronquios y tráquea","De 1 año a 5 años","Tal vez","Amigos;Conocidos;Desconocidos","1 a 3 cigarrillos","L. 151.00 a L.300.00 lempiras","Viernes;Sábado;Domingo","Noche","Sí","Sí","De 3 meses a 6 meses","Mi bienestar","Sí","No","6 horas o más","Sí","Ninguno","No"
"2022/04/06 11:19:35 p. m. GMT-5","Masculino","20 a 25 años","No","No","3 a 4 amigos","No","","","","","","","","","","","","","","","","","",""
"2022/04/06 11:41:01 p. m. GMT-5","Femenino","20 a 25 años","No","Tal vez","0","No","","","","","","","","","","","","","","","","","",""
"2022/04/07 12:45:26 a. m. GMT-5","Masculino","20 a 25 años","No","No","0","No","","","","","","","","","","","","","","","","","",""
"2022/04/07 9:51:04 a. m. GMT-5","Femenino","20 a 25 años","No","No","3 a 4 amigos","No","","","","","","","","","","","","","","","","","",""
"2022/04/07 2:12:50 p. m. GMT-5","Femenino","20 a 25 años","Sí","No","3 a 4 amigos","No","","","","","","","","","","","","","","","","","",""
"2022/04/07 6:57:19 p. m. GMT-5","Masculino","20 a 25 años","No","No","1 a 2 amigos","No","","","","","","","","","","","","","","","","","",""
"2022/04/07 7:12:40 p. m. GMT-5","Masculino","20 a 25 años","No","No","1 a 2 amigos","No","","","","","","","","","","","","","","","","","",""
"2022/04/07 8:52:37 p. m. GMT-5","Masculino","20 a 25 años","Sí","No","1 a 2 amigos","No","","","","","","","","","","","","","","","","","",""
"2022/04/07 10:05:17 p. m. GMT-5","Masculino","20 a 25 años","No","No","1 a 2 amigos","No","","","","","","","","","","","","","","","","","",""
"2022/04/08 1:11:54 a. m. GMT-5","Masculino","20 a 25 años","No","Sí","0","Sí","Pulmones, bronquios y tráquea;Boca, garganta, esófago y laringe","De 1 año a 5 años","Tal vez","Solo","7 a 9 cigarrillos","L. 151.00 a L.300.00 lempiras","Sábado","Tarde;Noche","Sí","Sí","Menos de 30 días","No me motiva","No","No","4 a 6 horas","Sí","Ninguno","No"
"2022/04/08 9:59:26 a. m. GMT-5","Masculino","20 a 25 años","No","No","1 a 2 amigos","No","","","","","","","","","","","","","","","","","",""
"2022/04/08 10:29:48 a. m. GMT-5","Masculino","20 a 25 años","No","No","0","No","","","","","","","","","","","","","","","","","",""
"2022/04/08 2:49:38 p. m. GMT-5","Masculino","más de 36 años","Sí","No","1 a 2 amigos","Sí","Pulmones, bronquios y tráquea","Más de 5 años","Sí","Amigos","7 a 9 cigarrillos","L. 151.00 a L.300.00 lempiras","Sábado","Noche","Sí","Sí","De 1 mes a 3 meses","Familia","Sí","Sí","0 a 3 horas","Sí","Anuncios publicitarios en tv","No"
"2022/04/08 3:03:56 p. m. GMT-5","Masculino","20 a 25 años","No","No","1 a 2 amigos","No","","","","","","","","","","","","","","","","","",""
"2022/04/08 3:30:53 p. m. GMT-5","Masculino","20 a 25 años","No","No","1 a 2 amigos","No","","","","","","","","","","","","","","","","","",""
"2022/04/09 1:17:25 a. m. GMT-5","Masculino","20 a 25 años","No","No","1 a 2 amigos","No","","","","","","","","","","","","","","","","","",""
"2022/04/09 5:14:13 p. m. GMT-5","Masculino","20 a 25 años","Sí","No","1 a 2 amigos","No","","","","","","","","","","","","","","","","","",""
"2022/04/10 10:57:36 a. m. GMT-5","Masculino","20 a 25 años","Sí","No","1 a 2 amigos","No","","","","","","","","","","","","","","","","","",""